state,crop,production_cagr_pct,yield_cagr_pct
Gujarat,Cotton,22.822477636708392,0.8636822120546839
Gujarat,Soybean,3.017125905707152,1.8084849411703852
Gujarat,Wheat,2.019196540689161,0.27165502355630533
Madhya Pradesh,Cotton,0.6135255592875088,-0.54609812902221
Madhya Pradesh,Soybean,3.3106801203188763,1.7809238649496795
Madhya Pradesh,Wheat,3.483909078572456,1.273604424999486
Maharashtra,Cotton,2.8805013143449187,0.6626774516939049
Maharashtra,Soybean,0.4897404547758111,-0.41325906842646365
Maharashtra,Wheat,2.322410519330198,0.12475646739122936
Punjab,Cotton,2.4060562564517163,0.5044885555637979
Punjab,Soybean,1.928635779680965,0.339618165697142
Punjab,Wheat,2.5912264000653717,0.3600834731978697
