year,state,crop,area_ha,production_tonnes,yield_t_ha
2015,Gujarat,Cotton,3445.9597126616322,3852.1400448196764,1.1178714686261708
2016,Gujarat,Cotton,18640.77839956559,24567.08602101024,1.3179216819391384
2017,Gujarat,Cotton,19874.3911418759,27193.737750907178,1.3682802938103198
2018,Gujarat,Cotton,18211.579630088145,21021.883109781036,1.1543140977760034
2019,Gujarat,Cotton,19847.694194922573,23986.794384682307,1.208543125922335
2020,Gujarat,Cotton,19611.48121961575,26415.943538858537,1.3469632019654305
2021,Gujarat,Cotton,18796.563696978414,21516.739279009726,1.1447166421418074
2022,Gujarat,Cotton,20451.941539046817,26703.68477382754,1.3056796941671724
2023,Gujarat,Cotton,20414.84481039362,26800.127083673295,1.3127764297296443
2024,Gujarat,Cotton,20286.05094447071,24502.068688132764,1.207828411513045
2016,Gujarat,Soybean,3641.5744495662216,4142.991266708857,1.1376923152573095
2017,Gujarat,Soybean,3606.7802866105812,4202.701108455181,1.1652223796544612
2018,Gujarat,Soybean,3840.904871769337,4664.844572838111,1.2145170808901655
2019,Gujarat,Soybean,3802.2430671580396,4338.734271193808,1.1410986079952972
2020,Gujarat,Soybean,3630.472626661137,4524.874052186286,1.2463595012277255
2021,Gujarat,Soybean,4009.1758695278004,4739.566730532485,1.182179800730645
2022,Gujarat,Soybean,4015.7447476915804,5018.886526459034,1.2498021766308982
2023,Gujarat,Soybean,4120.48218919647,5217.662862659709,1.2662748249076157
2024,Gujarat,Soybean,4002.1451055166403,5255.202455902165,1.3130964313758349
2015,Gujarat,Wheat,2485.417700547972,6822.5025656977,2.745012463777622
2016,Gujarat,Wheat,2398.6069012062308,7192.318899862778,2.998540067672551
2017,Gujarat,Wheat,2584.43421433353,7754.386547504806,3.0004193972120494
2018,Gujarat,Wheat,2543.762274026993,7237.894840879645,2.8453503359106898
2019,Gujarat,Wheat,2586.2897640467486,7305.716558340648,2.8247865571371427
2020,Gujarat,Wheat,2743.6370301553493,7842.327075829069,2.8583690151554135
2021,Gujarat,Wheat,2804.520626701126,8583.353023811162,3.0605419486279564
2022,Gujarat,Wheat,3014.5289862323616,8411.500078831386,2.790319853365982
2023,Gujarat,Wheat,2948.8790280212875,8918.122483180929,3.024241550242579
2024,Gujarat,Wheat,2903.5735271889307,8167.34305386255,2.8128590433078138
2015,Madhya Pradesh,Cotton,8372.662579584572,10496.844022625295,1.2537044127659231
2016,Madhya Pradesh,Cotton,8759.783361972679,11161.104162308167,1.274130158373542
2017,Madhya Pradesh,Cotton,8745.195028098686,10592.517381030573,1.2112385540855706
2018,Madhya Pradesh,Cotton,8955.387270874493,11340.063223921792,1.2662839563402193
2019,Madhya Pradesh,Cotton,9483.901470382587,12826.948089741523,1.352496979201965
2020,Madhya Pradesh,Cotton,9257.170829891204,12603.881787642425,1.3615263258343213
2021,Madhya Pradesh,Cotton,9305.968799668795,13003.569442414902,1.3973364538765385
2022,Madhya Pradesh,Cotton,9569.191228168413,13121.063479978187,1.3711778944655513
2023,Madhya Pradesh,Cotton,9284.657392886606,12642.712441816499,1.3616778634721245
2024,Madhya Pradesh,Cotton,9293.396277646973,11090.881082307073,1.1934152758538359
2015,Madhya Pradesh,Soybean,14099.537919090908,16117.318725789923,1.1431097116996238
2016,Madhya Pradesh,Soybean,14315.48402888767,15789.786969138018,1.1029865939059627
2017,Madhya Pradesh,Soybean,14209.923337551383,16686.23730970231,1.1742665258162919
2018,Madhya Pradesh,Soybean,15220.175589384977,19319.393667229233,1.2693279097714996
2019,Madhya Pradesh,Soybean,14312.77732116387,16440.4468879586,1.1486552553045457
2020,Madhya Pradesh,Soybean,15605.511117996468,16788.29663765094,1.075792808752702
2021,Madhya Pradesh,Soybean,15260.535816920063,18445.8000249445,1.208725581214048
2022,Madhya Pradesh,Soybean,16457.54544356823,20878.22190126722,1.2686109221364257
2023,Madhya Pradesh,Soybean,15832.577245160242,19068.501918821254,1.2043839498493638
2024,Madhya Pradesh,Soybean,16125.543742853102,21607.264085875242,1.3399401862310323
2015,Madhya Pradesh,Wheat,10388.104747441048,29207.099503814738,2.8115907775197844
2016,Madhya Pradesh,Wheat,10750.374611667878,35939.992890932706,3.343138652296393
2017,Madhya Pradesh,Wheat,10561.338033140977,30530.383360416457,2.8907685053364984
2018,Madhya Pradesh,Wheat,11146.56219148843,34475.1585338669,3.0928960823627127
2019,Madhya Pradesh,Wheat,11186.503066275767,33500.05435840976,2.9946851272408104
2020,Madhya Pradesh,Wheat,11726.389098247411,36748.87682746324,3.1338612866731164
2021,Madhya Pradesh,Wheat,11213.097537937916,34212.755527583744,3.0511422389602663
2022,Madhya Pradesh,Wheat,11837.601874410359,34370.20033255961,2.903476624506061
2023,Madhya Pradesh,Wheat,12121.241554705513,35802.54967287077,2.953703175643099
2024,Madhya Pradesh,Wheat,12616.106506615355,39750.61586875869,3.1507831554778916
2015,Maharashtra,Cotton,14968.62837883663,18099.477693152236,1.2091607350438434
2016,Maharashtra,Cotton,15565.454109858572,19468.27528703896,1.2507360947926658
2017,Maharashtra,Cotton,16666.94071041591,20449.576138129323,1.2269543939368235
2018,Maharashtra,Cotton,15378.5077482853,18609.567079018027,1.210102266332895
2019,Maharashtra,Cotton,17122.88391245683,21612.802244709466,1.2622174135623403
2020,Maharashtra,Cotton,16506.00512873551,20279.207160025275,1.2285957142180304
2021,Maharashtra,Cotton,17120.848482447418,20761.472893427068,1.2126427562694735
2022,Maharashtra,Cotton,18684.960235962328,22791.115340114797,1.2197572300019932
2023,Maharashtra,Cotton,18283.1652949437,24613.63602748002,1.3462458841460587
2024,Maharashtra,Cotton,18212.23952640528,23370.267780519003,1.2832176815286929
2015,Maharashtra,Soybean,10500.452081358875,12028.45415971334,1.1455177421424625
2016,Maharashtra,Soybean,10586.440916241165,11414.591139321123,1.078227444863878
2017,Maharashtra,Soybean,10704.89319196157,11543.29166745581,1.078319181748007
2018,Maharashtra,Soybean,11090.296323748105,13661.632102059915,1.2318545603516204
2019,Maharashtra,Soybean,11062.090319951518,12330.52291591752,1.114664820054693
2020,Maharashtra,Soybean,11641.218479252935,13778.491366989918,1.1835952904368254
2021,Maharashtra,Soybean,11676.923628049457,12935.936960449477,1.1078206360257175
2022,Maharashtra,Soybean,11810.895449605583,14400.345695048656,1.2192424999858538
2023,Maharashtra,Soybean,11446.865320030403,13179.567616929766,1.1513691520304146
2024,Maharashtra,Soybean,11389.111347309146,12569.133476781659,1.1036096753721976
2015,Maharashtra,Wheat,4517.398102561793,12883.48264295274,2.851969729133809
2016,Maharashtra,Wheat,4384.580674071319,12588.240239959594,2.8710248882866916
2017,Maharashtra,Wheat,4883.7192177255665,12850.861518896245,2.631367805146078
2018,Maharashtra,Wheat,4885.661823125025,14227.770501614064,2.9121480398562523
2019,Maharashtra,Wheat,4715.694138658937,15233.566806255147,3.2303975530073954
2020,Maharashtra,Wheat,5035.860936072143,13768.926717901611,2.7341753262632906
2021,Maharashtra,Wheat,4999.003827082908,15185.471292960014,3.037699473381132
2022,Maharashtra,Wheat,5033.52043397967,15465.959768726323,3.0725930234276246
2023,Maharashtra,Wheat,5136.014909255478,15858.574643936152,3.0877197446132465
2024,Maharashtra,Wheat,5492.27121211195,15840.545792703091,2.884152144156753
2015,Punjab,Cotton,3115.351609774477,4231.262211168679,1.3581973212567757
2016,Punjab,Cotton,3048.528256787387,4106.214141705549,1.346949674015086
2017,Punjab,Cotton,3039.895768212437,4004.2557199482176,1.3172345452827343
2018,Punjab,Cotton,3301.119860948772,4664.884081704181,1.4131216914866735
2019,Punjab,Cotton,3324.7241374041146,4769.817537799292,1.434650617817417
2020,Punjab,Cotton,3266.4056089415935,4518.073167197037,1.3831941614443342
2021,Punjab,Cotton,3258.822719584493,4728.665542242586,1.4510349132601792
2022,Punjab,Cotton,3333.632201544993,4782.882400483832,1.434736081043126
2023,Punjab,Cotton,3266.4056089415935,4579.797126056223,1.4020907610246862
2024,Punjab,Cotton,3687.81156152914,5240.837719051757,1.4211240546354433
2015,Punjab,Soybean,1203.7508724023,1500.0319422264895,1.2461315514836617
2016,Punjab,Soybean,1216.5287183702853,1403.0937749623852,1.1533585305261271
2017,Punjab,Soybean,1193.9701981426008,1587.3451883756677,1.3294680142310256
2018,Punjab,Soybean,1170.5725941926173,1606.3033469846016,1.3722372751196368
2019,Punjab,Soybean,1207.7837522927653,1659.2604835472096,1.3738059320614266
2020,Punjab,Soybean,1269.2931458347846,1756.040717075954,1.3834792402672647
2021,Punjab,Soybean,1335.6939453961666,1631.6560947219366,1.2215793148916219
2022,Punjab,Soybean,1410.274742664118,2042.8055536313248,1.4485160173629055
2023,Punjab,Soybean,1369.638205876502,1820.9180634930763,1.32948836830072
2024,Punjab,Soybean,1386.597852592769,1781.420360736547,1.2847419007648888
2015,Punjab,Wheat,19262.134348663556,63724.148119004756,3.3082599760512035
2016,Punjab,Wheat,21362.822169403986,64220.54465991984,3.0061826171963855
2017,Punjab,Wheat,20568.77995564818,65258.79881013655,3.172711213346249
2018,Punjab,Wheat,19780.71983184124,68047.94069606857,3.440114478874073
2019,Punjab,Wheat,21422.407683516445,71529.86201294026,3.339020667969977
2020,Punjab,Wheat,21225.986346524016,72786.45264844873,3.429119922164102
2021,Punjab,Wheat,21741.720975737637,72584.31704903902,3.338480754584168
2022,Punjab,Wheat,21646.468843602528,68360.56880268607,3.1580471298388972
2023,Punjab,Wheat,23949.493909724253,79248.07387097707,3.3089665347291466
2024,Punjab,Wheat,23477.25280185981,80222.47045701924,3.417029715276747
